name,age,sex
tom,20,male
alice,19,Female
jack,18,Male
boss,20,Female
jack,18,Male
boss,20,Female
jack,18,Male
boss,20,Female
jack,18,Male
boss,20,Female
jack,18,Male
boss,20,Female
jack,18,Male
boss,20,Female
jack,18,Male
boss,20,Female
jack,18,Male
boss,20,Female
jack,18,Male
boss,20,Female
jack,18,Male
boss,20,Female
jack,18,Male
boss,20,Female
jack,18,Male
boss,20,Female
jack,18,Male
boss,20,Female
jack,18,Male
boss,20,Female
jack,18,Male
boss,20,Female
jack,18,Male
boss,20,Female
jack,18,Male
boss,20,Female
jack,18,Male
boss,20,Female
jack,18,Male
boss,20,Female
jack,18,Male
boss,20,Female
jack,18,Male
boss,20,Female
jack,18,Male
boss,20,Female
jack,18,Male
boss,20,Female
jack,18,Male
boss,20,Female
jack,18,Male
boss,20,Female
jack,18,Male
boss,20,Female
jack,18,Male
boss,20,Female
jack,18,Male
boss,20,Female
jack,18,Male
boss,20,Female
jack,18,Male
boss,20,Female
jack,18,Male
boss,20,Female
jack,18,Male
boss,20,Female
jack,18,Male
boss,20,Female
jack,18,Male
boss,20,Female
jack,18,Male
boss,20,Female
jack,18,Male
boss,20,Female
jack,18,Male
boss,20,Female
jack,18,Male
boss,20,Female
jack,18,Male
boss,20,Female
jack,18,Male
boss,20,Female
jack,18,Male
boss,20,Female
jack,18,Male
boss,20,Female
jack,18,Male
boss,20,Female
jack,18,Male
boss,20,Female
jack,18,Male
boss,20,Female
jack,18,Male
boss,20,Female
jack,18,Male
boss,20,Female
jack,18,Male
boss,20,Female
jack,18,Male
boss,20,Female
jack,18,Male
boss,20,Female
jack,18,Male
boss,20,Female
jack,18,Male
boss,20,Female
jack,18,Male
boss,20,Female
jack,18,Male
boss,20,Female
jack,18,Male
boss,20,Female
jack,18,Male
boss,20,Female
jack,18,Male
boss,20,Female
jack,18,Male
boss,20,Female
jack,18,Male
boss,20,Female
jack,18,Male
boss,20,Female
jack,18,Male
boss,20,Female
jack,18,Male
boss,20,Female
jack,18,Male
boss,20,Female
jack,18,Male
boss,20,Female
jack,18,Male
boss,20,Female
jack,18,Male
boss,20,Female
jack,18,Male
boss,20,Female
jack,18,Male
boss,20,Female
jack,18,Male
boss,20,Female
jack,18,Male
boss,20,Female
jack,18,Male
boss,20,Female
jack,18,Male
boss,20,Female
jack,18,Male
boss,20,Female
jack,18,Male
boss,20,Female
jack,18,Male
boss,20,Female
jack,18,Male
boss,20,Female
jack,18,Male
boss,20,Female
jack,18,Male
boss,20,Female
jack,18,Male
boss,20,Female
jack,18,Male
boss,20,Female
jack,18,Male
boss,20,Female
jack,18,Male
boss,20,Female
jack,18,Male
boss,20,Female
jack,18,Male
boss,20,Female
jack,18,Male
boss,20,Female
jack,18,Male
boss,20,Female
jack,18,Male
boss,20,Female
jack,18,Male
boss,20,Female
jack,18,Male
boss,20,Female
jack,18,Male
boss,20,Female
jack,18,Male
boss,20,Female
jack,18,Male
boss,20,Female
jack,18,Male
boss,20,Female
jack,18,Male
boss,20,Female
jack,18,Male
boss,20,Female
jack,18,Male
boss,20,Female
jack,18,Male
boss,20,Female
jack,18,Male
boss,20,Female
jack,18,Male
boss,20,Female
jack,18,Male
boss,20,Female
jack,18,Male
boss,20,Female
jack,18,Male
boss,20,Female
jack,18,Male
boss,20,Female
jack,18,Male
boss,20,Female
jack,18,Male
boss,20,Female
jack,18,Male
boss,20,Female
jack,18,Male
boss,20,Female
jack,18,Male
boss,20,Female
jack,18,Male
boss,20,Female
jack,18,Male
boss,20,Female
jack,18,Male
boss,20,Female
jack,18,Male
boss,20,Female
jack,18,Male
boss,20,Female
jack,18,Male
boss,20,Female
jack,18,Male
boss,20,Female
jack,18,Male
boss,20,Female
jack,18,Male
boss,20,Female
jack,18,Male
boss,20,Female
jack,18,Male
boss,20,Female
jack,18,Male
boss,20,Female
jack,18,Male
boss,20,Female
jack,18,Male
boss,20,Female
jack,18,Male
boss,20,Female
jack,18,Male
boss,20,Female
jack,18,Male
boss,20,Female
jack,18,Male
boss,20,Female
jack,18,Male
boss,20,Female
jack,18,Male
boss,20,Female
jack,18,Male
boss,20,Female
jack,18,Male
boss,20,Female
jack,18,Male
boss,20,Female
jack,18,Male
boss,20,Female
jack,18,Male
boss,20,Female
jack,18,Male
boss,20,Female
jack,18,Male
boss,20,Female
jack,18,Male
boss,20,Female
jack,18,Male
boss,20,Female
jack,18,Male
boss,20,Female
jack,18,Male
boss,20,Female
jack,18,Male
boss,20,Female
jack,18,Male
boss,20,Female
jack,18,Male
boss,20,Female
jack,18,Male
boss,20,Female
jack,18,Male
boss,20,Female
jack,18,Male
boss,20,Female
jack,18,Male
boss,20,Female
jack,18,Male
boss,20,Female
jack,18,Male
boss,20,Female
jack,18,Male
boss,20,Female
jack,18,Male
boss,20,Female
jack,18,Male
boss,20,Female
jack,18,Male
boss,20,Female
jack,18,Male
boss,20,Female
jack,18,Male
boss,20,Female
jack,18,Male
boss,20,Female
jack,18,Male
boss,20,Female
jack,18,Male
boss,20,Female
jack,18,Male
boss,20,Female
jack,18,Male
boss,20,Female
jack,18,Male
boss,20,Female
jack,18,Male
boss,20,Female
jack,18,Male
boss,20,Female
jack,18,Male
boss,20,Female
jack,18,Male
boss,20,Female
jack,18,Male
boss,20,Female
jack,18,Male
boss,20,Female
jack,18,Male
boss,20,Female
jack,18,Male
boss,20,Female
jack,18,Male
boss,20,Female
jack,18,Male
boss,20,Female
jack,18,Male
boss,20,Female
jack,18,Male
boss,20,Female
jack,18,Male
boss,20,Female
jack,18,Male
boss,20,Female
jack,18,Male
boss,20,Female
jack,18,Male
boss,20,Female
jack,18,Male
boss,20,Female
jack,18,Male
boss,20,Female
jack,18,Male
boss,20,Female
jack,18,Male
boss,20,Female
jack,18,Male
boss,20,Female
jack,18,Male
boss,20,Female
jack,18,Male
boss,20,Female
jack,18,Male
boss,20,Female
jack,18,Male
boss,20,Female
jack,18,Male
boss,20,Female
jack,18,Male
boss,20,Female
jack,18,Male
boss,20,Female
jack,18,Male
boss,20,Female
jack,18,Male
boss,20,Female
jack,18,Male
boss,20,Female
jack,18,Male
boss,20,Female
jack,18,Male
boss,20,Female
jack,18,Male
boss,20,Female
jack,18,Male
boss,20,Female
jack,18,Male
boss,20,Female
jack,18,Male
boss,20,Female
jack,18,Male
boss,20,Female
jack,18,Male
boss,20,Female
jack,18,Male
boss,20,Female
jack,18,Male
boss,20,Female
jack,18,Male
boss,20,Female
jack,18,Male
boss,20,Female
jack,18,Male
boss,20,Female
jack,18,Male
boss,20,Female
jack,18,Male
boss,20,Female
jack,18,Male
boss,20,Female
jack,18,Male
boss,20,Female
jack,18,Male
boss,20,Female
jack,18,Male
boss,20,Female
jack,18,Male
boss,20,Female
jack,18,Male
boss,20,Female
jack,18,Male
boss,20,Female
jack,18,Male
boss,20,Female
jack,18,Male
boss,20,Female
jack,18,Male
boss,20,Female
jack,18,Male
boss,20,Female
jack,18,Male
boss,20,Female
jack,18,Male
boss,20,Female
jack,18,Male
boss,20,Female
jack,18,Male
boss,20,Female
jack,18,Male
boss,20,Female
